,name,handedness,height,weight,avg,HR,w_group
20,Jeff Barkley,Both,75,185,0,0,"(180, 190]"
30,Nardi Contreras,Both,74,193,0,0,"(190, 200]"
73,Mickey Lolich,Both,73,170,0.11,0,"(160, 170]"
74,Ray Chadwick,Both,74,180,0,0,"(170, 180]"
97,Marty Martinez,Both,72,170,0.243,0,"(160, 170]"
126,Randy Scarbery,Both,73,185,0,0,"(180, 190]"
160,Barry Raziano,Both,70,175,0,0,"(170, 180]"
182,Bob Didier,Both,72,190,0.229,0,"(180, 190]"
286,Steve Burke,Both,74,200,0,0,"(190, 200]"
318,Mark Brown,Both,74,190,0,0,"(180, 190]"
371,Lafayette Currence,Both,71,175,0,0,"(170, 180]"
403,Bert Bradley,Both,73,190,0,0,"(180, 190]"
460,Fred Norman,Both,68,155,0.125,0,"(150, 160]"
473,Chuck Hockenbery,Both,73,195,0,0,"(190, 200]"
489,Jeff Schneider,Both,75,195,0,0,"(190, 200]"
521,Larry Lintz,Both,69,150,0.227,0,"(140, 150]"
548,Pete Filson,Both,74,195,0,0,"(190, 200]"
560,Steve Cummings,Both,74,200,0,0,"(190, 200]"
584,Bob Veale,Both,78,212,0.114,0,"(210, 220]"
811,John Bohnet,Both,72,175,0,0,"(170, 180]"
1152,Gary Lance,Both,75,195,0,0,"(190, 200]"
10,John LaRose,Left,73,185,0,0,"(180, 190]"
14,Jerry Kutzler,Left,73,175,0,0,"(170, 180]"
22,Britt Burns,Left,77,215,0,0,"(210, 220]"
43,Jerry Garvin,Left,75,195,0,0,"(190, 200]"
47,Kevin Mmahat,Left,77,220,0,0,"(210, 220]"
54,Kevin Stanfield,Left,72,190,0,0,"(180, 190]"
65,Bob Fallon,Left,75,200,0,0,"(190, 200]"
89,Tony Ferreira,Left,73,160,0,0,"(150, 160]"
95,Bryan Oelkers,Left,75,192,0,0,"(190, 200]"
96,Kevin Bearse,Left,74,195,0,0,"(190, 200]"
135,Mike Jones,Left,78,215,0,0,"(210, 220]"
143,Zach Crouch,Left,75,180,0,0,"(170, 180]"
147,Bruce Tanner,Left,75,220,0,0,"(210, 220]"
164,Pat Underwood,Left,72,175,0,0,"(170, 180]"
170,Joel McKeon,Left,72,185,0,0,"(180, 190]"
193,Bruce Robbins,Left,73,190,0,0,"(180, 190]"
212,Brian Dubois,Left,70,165,0,0,"(160, 170]"
218,Vance Lovelace,Left,77,205,0,0,"(200, 210]"
224,Ralph Botting,Left,72,195,0,0,"(190, 200]"
258,Ed Crosby,Left,74,175,0.22,0,"(170, 180]"
266,Jim Umbarger,Left,78,200,0,0,"(190, 200]"
272,Curt Wardle,Left,77,220,0,0,"(210, 220]"
285,Israel Sanchez,Left,69,170,0,0,"(160, 170]"
298,Narciso Elvira,Left,70,160,0,0,"(150, 160]"
322,Len Whitehouse,Left,71,175,0,0,"(170, 180]"
353,Joe Pactwa,Left,71,185,0,0,"(180, 190]"
364,Sherman Corbett,Left,76,205,0,0,"(200, 210]"
394,Mike Smithson,Left,80,215,0,0,"(210, 220]"
420,Reggie Ritter,Left,74,195,0,0,"(190, 200]"
488,Mike Rochford,Left,76,205,0,0,"(200, 210]"
501,Angel Moreno,Left,69,165,0,0,"(160, 170]"
509,Randy Wiles,Left,73,185,0,0,"(180, 190]"
527,Jeff Schattinger,Left,77,200,0,0,"(190, 200]"
539,Tim Johnson,Left,73,170,0.223,0,"(160, 170]"
558,Jeff Twitty,Left,74,185,0,0,"(180, 190]"
617,Joel Davis,Left,77,205,0,0,"(200, 210]"
630,Steve Barr,Left,76,200,0,0,"(190, 200]"
649,Steve Davis,Left,73,195,0,0,"(190, 200]"
650,Jeff Rineer,Left,76,205,0,0,"(200, 210]"
658,Mark Mercer,Left,77,220,0,0,"(210, 220]"
703,Dave Stapleton,Left,73,185,0,0,"(180, 190]"
712,Gary Christenson,Left,77,200,0,0,"(190, 200]"
716,Mike Kinnunen,Left,73,185,0,0,"(180, 190]"
718,Dave Rajsich,Left,77,175,0,0,"(170, 180]"
771,Mike Pazik,Left,74,195,0,0,"(190, 200]"
790,Mark Souza,Left,72,180,0,0,"(170, 180]"
794,Rick Jones,Left,77,190,0,0,"(180, 190]"
814,Luis Quintana,Left,74,175,0,0,"(170, 180]"
836,Brian Snyder,Left,75,185,0,0,"(180, 190]"
871,Dennis DeBarr,Left,74,190,0,0,"(180, 190]"
895,Ed Hodge,Left,74,192,0,0,"(190, 200]"
903,Jim Campbell,Left,71,175,0,0,"(170, 180]"
910,Bob Galasso,Left,73,205,0,0,"(200, 210]"
915,Juan Nieves,Left,75,175,0,0,"(170, 180]"
952,Bruce Ellingsen,Left,72,180,0,0,"(170, 180]"
954,Gorman Heimueller,Left,76,195,0,0,"(190, 200]"
1044,Dan Morogiello,Left,73,200,0,0,"(190, 200]"
1108,John Poloni,Left,77,210,0,0,"(200, 210]"
1112,Mike Willis,Left,74,205,0,0,"(200, 210]"
1131,Jerry Augustine,Left,72,183,0,0,"(180, 190]"
1135,Jeff Holly,Left,77,210,0,0,"(200, 210]"
1150,Larry Rothschild,Left,74,180,0,0,"(170, 180]"
0,Tom Brown,Right,73,170,0,0,"(160, 170]"
9,Ozzie Osborn,Right,74,195,0,0,"(190, 200]"
11,Jeff Byrd,Right,75,195,0,0,"(190, 200]"
21,Eric Wilkins,Right,73,190,0,0,"(180, 190]"
34,Jack Billingham,Right,76,195,0.111,0,"(190, 200]"
38,Gil Patterson,Right,73,185,0,0,"(180, 190]"
44,Steve Eddy,Right,74,185,0,0,"(180, 190]"
51,Jim Siwy,Right,76,200,0,0,"(190, 200]"
52,Bud Anderson,Right,75,210,0,0,"(200, 210]"
56,John Butcher,Right,76,185,0,0,"(180, 190]"
57,Jerry Ujdur,Right,73,195,0,0,"(190, 200]"
62,Brian Denman,Right,76,205,0,0,"(200, 210]"
71,Steve Curry,Right,78,217,0,0,"(210, 220]"
79,Bryan Clutterbuck,Right,76,223,0,0,"(220, 230]"
102,Jose Roman,Right,72,175,0,0,"(170, 180]"
105,Mike Trujillo,Right,73,180,0,0,"(170, 180]"
106,Albert Williams,Right,76,190,0,0,"(180, 190]"
107,Oswaldo Peraza,Right,76,172,0,0,"(170, 180]"
111,Barry Cort,Right,77,210,0,0,"(200, 210]"
115,Bill Wilkinson,Right,70,160,0,0,"(150, 160]"
117,Mike Loynd,Right,76,210,0,0,"(200, 210]"
128,Ben Callahan,Right,79,230,0,0,"(220, 230]"
133,Bobby Cuellar,Right,71,188,0,0,"(180, 190]"
137,Ramon Manon,Right,72,150,0,0,"(140, 150]"
141,John Trautwein,Right,75,205,0,0,"(200, 210]"
142,Andy Replogle,Right,77,205,0,0,"(200, 210]"
145,Ron Romanick,Right,76,195,0,0,"(190, 200]"
158,Dave Ford,Right,76,190,0,0,"(180, 190]"
171,Danny Fife,Right,75,175,0,0,"(170, 180]"
192,Andy Beene,Right,75,205,0,0,"(200, 210]"
195,Leon Hooten,Right,71,180,0,0,"(170, 180]"
202,Allan Ramirez,Right,70,180,0,0,"(170, 180]"
207,Brian Allard,Right,73,175,0,0,"(170, 180]"
209,Fernando Arroyo,Right,74,180,0,0,"(170, 180]"
210,Gary Beare,Right,76,205,0,0,"(200, 210]"
215,Chris Batton,Right,76,195,0,0,"(190, 200]"
219,Greg Thayer,Right,71,182,0,0,"(180, 190]"
221,Paul Hartzell,Right,77,200,0,0,"(190, 200]"
226,Steve Rogers,Right,74,175,0.138,0,"(170, 180]"
227,Keith Creel,Right,74,180,0,0,"(170, 180]"
247,Mike Smith,Right,75,180,0,0,"(170, 180]"
249,T.R. Bryden,Right,76,190,0,0,"(180, 190]"
252,Tom Makowski,Right,71,185,0,0,"(180, 190]"
269,Mike Darr,Right,76,190,0,0,"(180, 190]"
270,Craig Robinson,Right,70,165,0.219,0,"(160, 170]"
290,Terry Taylor,Right,73,180,0,0,"(170, 180]"
296,Randy Nosek,Right,76,215,0,0,"(210, 220]"
300,Mark Smith,Right,74,215,0,0,"(210, 220]"
301,Paul Mitchell,Right,73,195,0,0,"(190, 200]"
309,Butch Edge,Right,75,203,0,0,"(200, 210]"
314,Gary Mielke,Right,75,185,0,0,"(180, 190]"
315,Rick Henninger,Right,78,225,0,0,"(220, 230]"
321,Rafael Vasquez,Right,72,160,0,0,"(150, 160]"
326,Steve Adkins,Right,78,210,0,0,"(200, 210]"
328,Joe Horlen,Right,72,170,0.134,0,"(160, 170]"
330,Tony Mack,Right,70,177,0,0,"(170, 180]"
332,Bill Moran,Right,76,210,0,0,"(200, 210]"
334,Cesar Gutierrez,Right,69,155,0.235,0,"(150, 160]"
338,Tom Gilles,Right,73,185,0,0,"(180, 190]"
351,Bob Kammeyer,Right,76,210,0,0,"(200, 210]"
374,John Pawlowski,Right,74,175,0,0,"(170, 180]"
376,Jack Hardy,Right,74,175,0,0,"(170, 180]"
377,Ron Musselman,Right,74,185,0,0,"(180, 190]"
379,Tony Chevez,Right,71,177,0,0,"(170, 180]"
391,Gary Ignasiak,Right,71,185,0,0,"(180, 190]"
401,Joe Skalski,Right,75,190,0,0,"(180, 190]"
410,Francisco Barrios,Right,71,155,0,0,"(150, 160]"
423,Bob Babcock,Right,77,210,0,0,"(200, 210]"
424,Craig Eaton,Right,71,175,0,0,"(170, 180]"
439,Roy Branch,Right,72,175,0,0,"(170, 180]"
458,Rob Woodward,Right,75,185,0,0,"(180, 190]"
466,Randy Jones,Right,72,178,0.132,0,"(170, 180]"
468,Bob Veselic,Right,72,175,0,0,"(170, 180]"
474,Bob Ferris,Right,78,225,0,0,"(220, 230]"
479,Gary Wheelock,Right,75,205,0,0,"(200, 210]"
497,Luis Encarnacion,Right,70,178,0,0,"(170, 180]"
498,Rick Kreuger,Right,74,185,0,0,"(180, 190]"
502,Roger Weaver,Right,75,190,0,0,"(180, 190]"
505,Chris Knapp,Right,77,195,0,0,"(190, 200]"
508,Don Welchel,Right,76,205,0,0,"(200, 210]"
523,Dewey Robinson,Right,72,180,0,0,"(170, 180]"
526,Tony Arnold,Right,71,170,0,0,"(160, 170]"
528,Ike Brookens,Right,77,170,0,0,"(160, 170]"
531,Win Remmerswaal,Right,74,160,0,0,"(150, 160]"
532,Jeff Peterek,Right,74,195,0,0,"(190, 200]"
534,Jeff Shaver,Right,75,195,0,0,"(190, 200]"
552,Jim Gideon,Right,75,190,0,0,"(180, 190]"
565,Jose Cecena,Right,71,180,0,0,"(170, 180]"
577,Greg Erardi,Right,73,190,0,0,"(180, 190]"
578,Jim Farr,Right,73,195,0,0,"(190, 200]"
583,Frank Dimichele,Right,75,205,0,0,"(200, 210]"
590,Mike Warren,Right,73,175,0,0,"(170, 180]"
595,Bill Fulton,Right,75,195,0,0,"(190, 200]"
597,Larry Anderson,Right,75,190,0,0,"(180, 190]"
599,Craig Mitchell,Right,75,180,0,0,"(170, 180]"
603,Alfredo Martinez,Right,75,185,0,0,"(180, 190]"
604,Dean Chance,Right,75,200,0.066,0,"(190, 200]"
620,Bill Mooneyham,Right,72,175,0,0,"(170, 180]"
621,John Hobbs,Right,75,190,0,0,"(180, 190]"
623,John Denny,Right,75,185,0.17,0,"(180, 190]"
629,Karl Best,Right,76,190,0,0,"(180, 190]"
636,Luis Sanchez,Right,74,170,0,0,"(160, 170]"
645,Mike Brown,Right,74,195,0,0,"(190, 200]"
667,John Caneira,Right,75,180,0,0,"(170, 180]"
671,Clint Zavaras,Right,73,175,0,0,"(170, 180]"
674,Mike Parrott,Right,76,210,0,0,"(200, 210]"
680,Luis Aponte,Right,72,185,0,0,"(180, 190]"
683,Paul Boris,Right,74,200,0,0,"(190, 200]"
685,De Wayne Buice,Right,72,170,0,0,"(160, 170]"
696,Mark Esser,Right,73,190,0,0,"(180, 190]"
698,Daryl Smith,Right,76,185,0,0,"(180, 190]"
699,Dave Smith,Right,73,190,0,0,"(180, 190]"
710,Tom Klawitter,Right,74,190,0,0,"(180, 190]"
713,Jim Wright,Right,77,205,0,0,"(200, 210]"
714,Jim Wright,Right,73,165,0,0,"(160, 170]"
723,Ramon Pena,Right,70,155,0,0,"(150, 160]"
726,Chico Escarrega,Right,71,185,0,0,"(180, 190]"
728,Cardell Camper,Right,75,208,0,0,"(200, 210]"
734,Mike Overy,Right,74,190,0,0,"(180, 190]"
739,Craig Chamberlain,Right,73,190,0,0,"(180, 190]"
746,Frank Eufemia,Right,71,185,0,0,"(180, 190]"
751,Jack Lazorko,Right,71,200,0,0,"(190, 200]"
752,Mike Paxton,Right,71,190,0,0,"(180, 190]"
754,Rickey Keeton,Right,74,190,0,0,"(180, 190]"
763,Terry Felton,Right,73,180,0,0,"(170, 180]"
765,Mark Clear,Right,76,200,0,0,"(190, 200]"
781,Rich Barnes,Right,76,186,0,0,"(180, 190]"
789,Dave Frost,Right,78,235,0,0,"(230, 240]"
797,Jim Dorsey,Right,79,190,0,0,"(180, 190]"
798,Mark Ciardi,Right,72,180,0,0,"(170, 180]"
799,Dennis Burtt,Right,72,180,0,0,"(170, 180]"
803,Rich Yett,Right,74,187,0,0,"(180, 190]"
806,Matt Williams,Right,73,200,0,0,"(190, 200]"
807,Jim Burton,Right,75,195,0,0,"(190, 200]"
808,Rick Anderson,Right,74,210,0,0,"(200, 210]"
809,Charlie Mitchell,Right,75,170,0,0,"(160, 170]"
810,Bill Paschall,Right,72,175,0,0,"(170, 180]"
812,Byron McLaughlin,Right,73,175,0,0,"(170, 180]"
823,Keith Macwhorter,Right,76,190,0,0,"(180, 190]"
825,Jaime Cocanower,Right,76,200,0,0,"(190, 200]"
826,Jeff Sellers,Right,73,175,0,0,"(170, 180]"
828,Steve Senteney,Right,74,205,0,0,"(200, 210]"
829,Howard Bailey,Right,72,195,0,0,"(190, 200]"
830,Jeff Bettendorf,Right,75,180,0,0,"(170, 180]"
833,Bob Davidson,Right,72,185,0,0,"(180, 190]"
839,Carlos Velazquez,Right,71,180,0,0,"(170, 180]"
840,Roger Miller,Right,75,200,0,0,"(190, 200]"
848,Willie Mueller,Right,76,220,0,0,"(210, 220]"
849,John Flinn,Right,72,175,0,0,"(170, 180]"
859,Les Straker,Right,73,193,0,0,"(190, 200]"
863,Don Kainer,Right,75,205,0,0,"(200, 210]"
864,Don Gordon,Right,73,175,0,0,"(170, 180]"
867,Sandy Wihtol,Right,73,195,0,0,"(190, 200]"
869,Jeff Richardson,Right,75,185,0,0,"(180, 190]"
888,Jay Pettibone,Right,76,182,0,0,"(180, 190]"
889,Glen Cook,Right,71,180,0,0,"(170, 180]"
894,Bill Castro,Right,71,170,0,0,"(160, 170]"
896,Tom Buskey,Right,75,200,0,0,"(190, 200]"
897,Bruce Taylor,Right,72,178,0,0,"(170, 180]"
898,Stan Thomas,Right,74,185,0,0,"(180, 190]"
900,Larry Monroe,Right,76,200,0,0,"(190, 200]"
901,Roger Slagle,Right,75,190,0,0,"(180, 190]"
905,Curt Kaufman,Right,74,175,0,0,"(170, 180]"
908,De Wayne Vaughn,Right,71,180,0,0,"(170, 180]"
911,Rich Wortham,Right,72,185,0,0,"(180, 190]"
916,Mike Bacsik,Right,74,180,0,0,"(170, 180]"
922,Phil Huffman,Right,74,180,0,0,"(170, 180]"
929,Steve Brown,Right,77,200,0,0,"(190, 200]"
930,Rick Lysander,Right,74,190,0,0,"(180, 190]"
939,Mel Stottlemyre,Right,72,190,0,0,"(180, 190]"
944,Alex Sanchez,Right,74,185,0,0,"(180, 190]"
950,Paul Wilmet,Right,71,170,0,0,"(160, 170]"
960,Ron Reed,Right,78,215,0.158,0,"(210, 220]"
961,Fred Howard,Right,75,190,0,0,"(180, 190]"
967,John Hoover,Right,74,190,0,0,"(180, 190]"
971,Mike Walters,Right,77,203,0,0,"(200, 210]"
986,Colby Ward,Right,74,185,0,0,"(180, 190]"
1000,Chuck Porter,Right,75,187,0,0,"(180, 190]"
1005,Tom Dozier,Right,74,190,0,0,"(180, 190]"
1013,Rick Steirer,Right,76,200,0,0,"(190, 200]"
1015,Al Lachowicz,Right,75,198,0,0,"(190, 200]"
1021,Tom McCarthy,Right,72,180,0,0,"(170, 180]"
1037,Jim Lewis,Right,75,190,0,0,"(180, 190]"
1053,Shawn Holman,Right,74,185,0,0,"(180, 190]"
1054,Alan Wirth,Right,76,190,0,0,"(180, 190]"
1063,Terry Wilshusen,Right,74,210,0,0,"(200, 210]"
1068,Steve Ellsworth,Right,80,220,0,0,"(210, 220]"
1079,Bryan Kelly,Right,74,195,0,0,"(190, 200]"
1085,Mick Kelleher,Right,69,176,0.213,0,"(170, 180]"
1092,Don Sutton,Right,73,185,0.144,0,"(180, 190]"
1098,John Leister,Right,74,200,0,0,"(190, 200]"
1099,Don Cooper,Right,73,185,0,0,"(180, 190]"
1106,Jeff Jones,Right,75,210,0,0,"(200, 210]"
1124,Stefan Wever,Right,80,245,0,0,"(240, 250]"
1127,Dave Johnson,Right,73,183,0,0,"(180, 190]"
1137,Eric Hetzel,Right,75,175,0,0,"(170, 180]"
1141,Luis Gomez,Right,69,150,0.21,0,"(140, 150]"
1142,Dave Lemanczyk,Right,76,235,0,0,"(230, 240]"
1143,Al Jones,Right,76,210,0,0,"(200, 210]"
1145,Sam Hinds,Right,78,215,0,0,"(210, 220]"
1147,Clay Christiansen,Right,77,205,0,0,"(200, 210]"
1155,Larry Pashnick,Right,75,205,0,0,"(200, 210]"
1156,Todd Fischer,Right,70,170,0,0,"(160, 170]"
1028,Darrell Brown,Both,72,184,0.274,1,"(180, 190]"
412,Jerry Reuss,Left,77,200,0.167,1,"(190, 200]"
639,Duane Kuiper,Left,72,175,0.271,1,"(170, 180]"
695,Brock Davis,Left,70,160,0.26,1,"(150, 160]"
37,Gary Nolan,Right,74,197,0.138,1,"(190, 200]"
42,Dick Ruthven,Right,75,190,0.183,1,"(180, 190]"
173,Joe Niekro,Right,73,185,0.156,1,"(180, 190]"
187,Denny McLain,Right,73,185,0.133,1,"(180, 190]"
250,Jose Arcia,Right,75,170,0.215,1,"(160, 170]"
362,Bob Randall,Right,74,175,0.257,1,"(170, 180]"
461,Woody Woodward,Right,74,180,0.236,1,"(170, 180]"
612,Joe Strain,Right,70,169,0.25,1,"(160, 170]"
737,Steve Blass,Right,72,165,0.172,1,"(160, 170]"
824,Don Wilson,Right,74,195,0.146,1,"(190, 200]"
853,Bob Heise,Right,72,175,0.247,1,"(170, 180]"
873,Bruce Miller,Right,73,185,0.246,1,"(180, 190]"
947,Ray Burris,Right,77,200,0.151,1,"(190, 200]"
977,Ray Culp,Right,72,200,0.123,1,"(190, 200]"
990,Mario Soto,Right,72,174,0.132,1,"(170, 180]"
994,Pepe Frias,Right,70,159,0.24,1,"(150, 160]"
1055,Gil Garrido,Right,69,150,0.237,1,"(140, 150]"
1148,Jim Barr,Right,75,205,0.162,1,"(200, 210]"
6,Fritz Peterson,Both,72,185,0.159,2,"(180, 190]"
131,Mike Ramsey,Both,73,170,0.24,2,"(160, 170]"
779,Rick Peters,Both,69,170,0.277,2,"(160, 170]"
1126,Chico Ruiz,Both,72,169,0.24,2,"(160, 170]"
634,Jose Tartabull,Left,71,165,0.261,2,"(160, 170]"
815,Sam McDowell,Left,77,190,0.154,2,"(180, 190]"
918,Rudy Meoli,Left,69,165,0.212,2,"(160, 170]"
1058,Jack Perconte,Left,70,160,0.27,2,"(150, 160]"
83,Jerry Koosman,Right,74,205,0.119,2,"(200, 210]"
153,Angel Salazar,Right,72,180,0.212,2,"(170, 180]"
181,Al Downing,Right,71,175,0.127,2,"(170, 180]"
223,Mike Champion,Right,72,185,0.229,2,"(180, 190]"
260,Frank Taveras,Right,72,155,0.255,2,"(150, 160]"
323,Danny Ainge,Right,76,175,0.22,2,"(170, 180]"
329,Glenn Burke,Right,72,195,0.237,2,"(190, 200]"
333,Enzo Hernandez,Right,68,155,0.224,2,"(150, 160]"
361,Woodie Fryman,Right,75,197,0.138,2,"(190, 200]"
404,Ken Holtzman,Right,74,175,0.163,2,"(170, 180]"
455,Barry Evans,Right,73,180,0.251,2,"(170, 180]"
522,Ron Theobald,Right,68,165,0.248,2,"(160, 170]"
619,Mike Edwards,Right,70,154,0.25,2,"(150, 160]"
740,Nate Oliver,Right,70,160,0.226,2,"(150, 160]"
1024,Tom Lawless,Right,71,170,0.207,2,"(160, 170]"
130,Manny Castillo,Both,69,160,0.242,3,"(150, 160]"
659,Rodney Scott,Both,72,160,0.236,3,"(150, 160]"
777,Bryan Little,Both,70,160,0.245,3,"(150, 160]"
264,Don Mason,Left,71,160,0.205,3,"(150, 160]"
453,Bobby Mitchell,Left,70,170,0.243,3,"(160, 170]"
41,Dave Skaggs,Right,74,200,0.241,3,"(190, 200]"
261,Joe Nossek,Right,72,178,0.228,3,"(170, 180]"
568,Onix Concepcion,Right,66,160,0.239,3,"(150, 160]"
706,Jim Lonborg,Right,77,200,0.136,3,"(190, 200]"
750,Jerry Zimmerman,Right,74,185,0.204,3,"(180, 190]"
932,Winston Llenas,Right,70,165,0.23,3,"(160, 170]"
970,Mark Wagner,Right,72,165,0.243,3,"(160, 170]"
1003,Rob Andrews,Right,72,185,0.251,3,"(180, 190]"
1049,Mike Fischlin,Right,73,165,0.22,3,"(160, 170]"
1065,Ron Brand,Right,67,167,0.239,3,"(160, 170]"
1070,Skip Jutze,Right,71,190,0.215,3,"(180, 190]"
1111,Jerry Dybzinski,Right,74,180,0.234,3,"(170, 180]"
116,Joe Lovitto,Both,72,185,0.216,4,"(180, 190]"
275,Rafael Landestoy,Both,70,165,0.237,4,"(160, 170]"
500,Vida Blue,Both,72,189,0.104,4,"(180, 190]"
393,John Donaldson,Left,71,160,0.238,4,"(150, 160]"
1057,Tom Matchick,Left,73,173,0.215,4,"(170, 180]"
1,Denny Lemaster,Right,73,182,0.13,4,"(180, 190]"
40,Larry Dierker,Right,76,215,0.136,4,"(210, 220]"
90,Elio Chacon,Right,69,160,0.232,4,"(150, 160]"
94,Tommy Dean,Right,72,165,0.18,4,"(160, 170]"
178,Mike Richardt,Right,72,170,0.226,4,"(160, 170]"
273,Pat Corrales,Right,72,180,0.216,4,"(170, 180]"
292,Mario Mendoza,Right,71,170,0.215,4,"(160, 170]"
431,Julio Gonzalez,Right,71,162,0.235,4,"(160, 170]"
472,Burt Hooton,Right,73,210,0.123,4,"(200, 210]"
499,Juan Marichal,Right,72,185,0.165,4,"(180, 190]"
801,Terry Harmon,Right,74,180,0.233,4,"(170, 180]"
1033,Jackie Gutierrez,Right,71,175,0.237,4,"(170, 180]"
1040,Junior Kennedy,Right,71,175,0.248,4,"(170, 180]"
1107,Jerry Terrell,Right,71,165,0.253,4,"(160, 170]"
1118,Ron Gardenhire,Right,72,175,0.232,4,"(170, 180]"
113,Steve Jeltz,Both,71,180,0.21,5,"(170, 180]"
446,Roger Metzger,Both,72,165,0.231,5,"(160, 170]"
513,Albert Hall,Both,71,155,0.251,5,"(150, 160]"
715,Wallace Johnson,Both,72,173,0.255,5,"(170, 180]"
757,Joaquin Andujar,Both,72,170,0.127,5,"(160, 170]"
886,Alan Wiggins,Both,74,160,0.259,5,"(150, 160]"
58,Scot Thompson,Left,75,195,0.262,5,"(190, 200]"
244,Jim French,Left,68,180,0.196,5,"(170, 180]"
741,Ray Sadecki,Left,71,180,0.191,5,"(170, 180]"
907,Steve Barber,Left,72,195,0.115,5,"(190, 200]"
965,Mike Brumley,Left,70,195,0.229,5,"(190, 200]"
32,Gene Clines,Right,69,170,0.277,5,"(160, 170]"
305,Mike Sadek,Right,69,165,0.226,5,"(160, 170]"
359,Luis Alvarado,Right,69,162,0.214,5,"(160, 170]"
380,Andy Messersmith,Right,73,200,0.17,5,"(190, 200]"
407,Tom Nieto,Right,73,193,0.205,5,"(190, 200]"
480,Lenny Faedo,Right,72,170,0.251,5,"(160, 170]"
749,Andre Robertson,Right,70,155,0.251,5,"(150, 160]"
778,Ken Suarez,Right,69,175,0.227,5,"(170, 180]"
882,Mike Krukow,Right,77,205,0.193,5,"(200, 210]"
887,Ron Clark,Right,70,175,0.189,5,"(170, 180]"
904,Frank Quilici,Right,73,170,0.214,5,"(160, 170]"
935,Tommy John,Right,75,180,0.157,5,"(170, 180]"
943,Luis Tiant,Right,72,180,0.164,5,"(170, 180]"
302,Rick Sweet,Both,73,200,0.234,6,"(190, 200]"
626,Miguel Dilone,Both,72,160,0.265,6,"(150, 160]"
684,Buddy Biancalana,Both,71,160,0.205,6,"(150, 160]"
985,Tim Blackwell,Both,71,170,0.228,6,"(160, 170]"
1041,Wilbur Howard,Both,74,170,0.25,6,"(160, 170]"
13,Frank Tepedino,Left,71,185,0.241,6,"(180, 190]"
343,Rich Chiles,Left,71,170,0.254,6,"(160, 170]"
416,Bob Knepper,Left,75,195,0.137,6,"(190, 200]"
690,Ty Cline,Left,72,170,0.238,6,"(160, 170]"
780,Ron Stone,Left,74,185,0.241,6,"(180, 190]"
998,Mike Squires,Left,71,185,0.26,6,"(180, 190]"
8,Rod Kanehl,Right,73,180,0.241,6,"(170, 180]"
27,Brad Wellman,Right,72,170,0.231,6,"(160, 170]"
70,Dal Maxvill,Right,71,157,0.217,6,"(150, 160]"
157,Rich Morales,Right,71,170,0.195,6,"(160, 170]"
282,Bob Davis,Right,72,180,0.197,6,"(170, 180]"
331,Terry Humphrey,Right,75,185,0.211,6,"(180, 190]"
358,Dave Hilton,Right,71,191,0.213,6,"(190, 200]"
384,John Vukovich,Right,73,187,0.161,6,"(180, 190]"
432,Bobby Klaus,Right,70,170,0.208,6,"(160, 170]"
587,Tucker Ashford,Right,73,195,0.218,6,"(190, 200]"
591,Gaylord Perry,Right,76,205,0.131,6,"(200, 210]"
742,Ken Rudolph,Right,73,180,0.213,6,"(170, 180]"
837,Steve Renko,Right,77,230,0.215,6,"(220, 230]"
890,Julio Gotay,Right,72,180,0.26,6,"(170, 180]"
925,Luis Pujols,Right,74,175,0.193,6,"(170, 180]"
989,Catfish Hunter,Right,72,190,0.226,6,"(180, 190]"
992,Hank Allen,Right,72,190,0.241,6,"(180, 190]"
415,Bud Harrelson,Both,71,160,0.236,7,"(150, 160]"
820,Al Weis,Both,72,160,0.219,7,"(150, 160]"
50,Tony Muser,Left,74,180,0.259,7,"(170, 180]"
101,Jim Fairey,Left,70,190,0.235,7,"(180, 190]"
146,Greg Gross,Left,70,160,0.287,7,"(150, 160]"
245,Dave Roberts,Left,75,195,0.194,7,"(190, 200]"
349,Jim Norris,Left,70,175,0.264,7,"(170, 180]"
387,Bill Fahey,Left,72,200,0.241,7,"(190, 200]"
657,Sonny Jackson,Left,69,150,0.251,7,"(140, 150]"
748,Jim Maloney,Left,74,190,0.201,7,"(180, 190]"
827,Sandy Valdespino,Left,68,170,0.23,7,"(160, 170]"
1034,Jerry Kenney,Left,73,170,0.237,7,"(160, 170]"
1110,Curt Ford,Left,70,150,0.245,7,"(140, 150]"
1149,Jerry Remy,Left,69,165,0.275,7,"(160, 170]"
12,Juan Bonilla,Right,69,170,0.256,7,"(160, 170]"
177,Junior Moore,Right,71,185,0.264,7,"(180, 190]"
325,Marv Breeding,Right,72,175,0.25,7,"(170, 180]"
375,Mel Stottlemyre,Right,73,178,0.16,7,"(170, 180]"
402,Doug Flynn,Right,71,165,0.238,7,"(160, 170]"
462,Ted Martinez,Right,72,165,0.24,7,"(160, 170]"
503,Stan Papi,Right,72,170,0.218,7,"(160, 170]"
545,Carl Morton,Right,72,200,0.156,7,"(190, 200]"
681,Orlando Mercado,Right,72,180,0.199,7,"(170, 180]"
732,Mario Guerrero,Right,70,155,0.257,7,"(150, 160]"
736,Doug Griffin,Right,72,160,0.245,7,"(150, 160]"
776,Lynn Jones,Right,69,175,0.252,7,"(170, 180]"
850,Don Hahn,Right,73,180,0.236,7,"(170, 180]"
984,Jim Rooker,Right,72,195,0.201,7,"(190, 200]"
1134,Phil Niekro,Right,73,180,0.169,7,"(170, 180]"
255,Jimmy Stewart,Both,72,165,0.237,8,"(160, 170]"
764,Bob Meacham,Both,73,175,0.236,8,"(170, 180]"
569,Boots Day,Left,69,160,0.256,8,"(150, 160]"
755,Phil Mankowski,Left,72,180,0.264,8,"(170, 180]"
804,Steve Hovley,Left,70,188,0.258,8,"(180, 190]"
860,Merritt Ranew,Left,71,170,0.247,8,"(160, 170]"
945,Broderick Perkins,Left,70,180,0.271,8,"(170, 180]"
29,Pedro Gonzalez,Right,72,176,0.244,8,"(170, 180]"
148,Sal Butera,Right,72,190,0.227,8,"(180, 190]"
668,Domingo Ramos,Right,70,154,0.24,8,"(150, 160]"
770,Hal Lanier,Right,74,180,0.228,8,"(170, 180]"
788,Dick Tracewski,Right,71,160,0.213,8,"(150, 160]"
817,Jeff Torborg,Right,72,195,0.214,8,"(190, 200]"
921,Russ Gibson,Right,73,195,0.228,8,"(190, 200]"
1101,Ed Romero,Right,71,160,0.247,8,"(150, 160]"
1097,Wayne Tolleson,Both,69,160,0.241,9,"(150, 160]"
55,Jim Lyttle,Left,72,180,0.248,9,"(170, 180]"
59,Gene Locklear,Left,70,165,0.274,9,"(160, 170]"
139,Tim Flannery,Left,71,175,0.255,9,"(170, 180]"
308,Joe Keough,Left,72,185,0.246,9,"(180, 190]"
386,Joe Simpson,Left,75,175,0.242,9,"(170, 180]"
838,Rick Sofield,Left,73,195,0.243,9,"(190, 200]"
1119,Bill Sharp,Left,70,178,0.255,9,"(170, 180]"
26,Bobby Cox,Right,71,180,0.225,9,"(170, 180]"
75,Jack Heidemann,Right,72,175,0.211,9,"(170, 180]"
186,Rick Rhoden,Right,75,195,0.238,9,"(190, 200]"
235,Tim Cullen,Right,73,185,0.22,9,"(180, 190]"
363,Jim Pankovits,Right,70,170,0.25,9,"(160, 170]"
566,George Smith,Right,70,170,0.205,9,"(160, 170]"
822,Rick Auerbach,Right,72,165,0.22,9,"(160, 170]"
874,Bob Bailor,Right,71,170,0.264,9,"(160, 170]"
1009,Bob Barton,Right,72,175,0.226,9,"(170, 180]"
1027,Dave McNally,Right,71,185,0.133,9,"(180, 190]"
1130,Luis Melendez,Right,72,165,0.248,9,"(160, 170]"
98,Bruce Boisclair,Left,74,185,0.263,10,"(180, 190]"
1136,Tom Poquette,Left,70,175,0.268,10,"(170, 180]"
7,Dick Bertell,Right,72,200,0.25,10,"(190, 200]"
443,Bombo Rivera,Right,70,187,0.265,10,"(180, 190]"
452,Ted Cox,Right,75,195,0.245,10,"(190, 200]"
537,Paul Dade,Right,73,185,0.27,10,"(180, 190]"
540,Fred Stanley,Right,70,165,0.216,10,"(160, 170]"
570,Brian Giles,Right,73,165,0.228,10,"(160, 170]"
720,J.R. Richard,Right,80,222,0.168,10,"(220, 230]"
727,Dave Rosello,Right,71,160,0.236,10,"(150, 160]"
800,Carl Taylor,Right,74,200,0.266,10,"(190, 200]"
1094,Ron Davis,Right,72,175,0.233,10,"(170, 180]"
665,Larry Milbourne,Both,72,161,0.254,11,"(160, 170]"
136,Jeff Stone,Left,72,175,0.277,11,"(170, 180]"
165,Mike Phillips,Left,72,170,0.24,11,"(160, 170]"
428,Howie Goss,Right,76,204,0.216,11,"(200, 210]"
447,Rufino Linares,Right,72,170,0.27,11,"(160, 170]"
457,Al Gallagher,Right,72,180,0.263,11,"(170, 180]"
514,Barbaro Garbey,Right,70,170,0.267,11,"(160, 170]"
535,Ken Walters,Right,73,180,0.231,11,"(170, 180]"
579,Tony Cloninger,Right,72,210,0.192,11,"(200, 210]"
834,Phil Linz,Right,73,180,0.235,11,"(170, 180]"
1039,Jimmie Schaffer,Right,69,170,0.223,11,"(160, 170]"
1081,Steve Nicosia,Right,70,185,0.248,11,"(180, 190]"
184,Garry Hancock,Left,72,175,0.247,12,"(170, 180]"
246,Jim Mason,Left,74,185,0.203,12,"(180, 190]"
256,Dick Phillips,Left,72,180,0.229,12,"(170, 180]"
400,Dan Briggs,Left,72,180,0.195,12,"(170, 180]"
542,Tim Corcoran,Left,71,175,0.27,12,"(170, 180]"
660,Rich Coggins,Left,68,170,0.265,12,"(160, 170]"
678,John Stephenson,Left,71,180,0.216,12,"(170, 180]"
679,Doug Clemens,Left,72,180,0.229,12,"(170, 180]"
1089,Larry Harlow,Left,74,185,0.248,12,"(180, 190]"
1138,Brian Asselstine,Left,73,175,0.254,12,"(170, 180]"
31,Tommie Reynolds,Right,74,190,0.226,12,"(180, 190]"
196,Larry Haney,Right,74,195,0.215,12,"(190, 200]"
231,Larry Cox,Right,70,178,0.221,12,"(170, 180]"
238,Ron Pruitt,Right,72,185,0.269,12,"(180, 190]"
311,Jackie Hernandez,Right,71,165,0.208,12,"(160, 170]"
494,Alan Knicely,Right,72,190,0.213,12,"(180, 190]"
652,Tom Seaver,Right,73,195,0.154,12,"(190, 200]"
664,Kiko Garcia,Right,71,180,0.239,12,"(170, 180]"
868,Sonny Siebert,Right,75,190,0.173,12,"(180, 190]"
953,Bob Forsch,Right,76,200,0.213,12,"(190, 200]"
1002,Bobby Valentine,Right,70,189,0.26,12,"(180, 190]"
336,Ted Kubiak,Both,72,175,0.231,13,"(170, 180]"
486,Richie Scheinblum,Both,73,180,0.263,13,"(170, 180]"
1048,Vic Harris,Both,71,165,0.217,13,"(160, 170]"
414,Danny Goodwin,Left,73,195,0.236,13,"(190, 200]"
625,Mike Fiore,Left,72,175,0.227,13,"(170, 180]"
973,Steve Carlton,Left,76,210,0.201,13,"(200, 210]"
1113,Bob Burda,Left,71,174,0.224,13,"(170, 180]"
1153,Tom O'Malley,Left,72,180,0.256,13,"(170, 180]"
345,Gary Woods,Right,74,185,0.243,13,"(180, 190]"
406,Kevin Bell,Right,72,195,0.222,13,"(190, 200]"
450,Fergie Jenkins,Right,77,205,0.165,13,"(200, 210]"
463,Jim Anderson,Right,72,170,0.218,13,"(160, 170]"
510,Roberto Pena,Right,68,170,0.245,13,"(160, 170]"
524,Rafael Santana,Right,73,165,0.246,13,"(160, 170]"
529,Tommie Aaron,Right,75,190,0.229,13,"(180, 190]"
530,Steve Dillard,Right,73,180,0.243,13,"(170, 180]"
730,Tito Landrum,Right,71,175,0.249,13,"(170, 180]"
1102,Rick Joseph,Right,73,192,0.243,13,"(190, 200]"
482,Don Kessinger,Both,73,170,0.252,14,"(160, 170]"
677,Paul Popovich,Both,72,175,0.233,14,"(170, 180]"
1077,Darrel Chaney,Both,74,188,0.217,14,"(180, 190]"
163,Johnny Oates,Left,71,188,0.25,14,"(180, 190]"
236,Tim Harkness,Left,74,182,0.235,14,"(180, 190]"
419,John Hale,Left,74,195,0.201,14,"(190, 200]"
490,Bob Molinaro,Left,72,190,0.264,14,"(180, 190]"
607,Dane Iorg,Left,72,180,0.276,14,"(170, 180]"
643,Ken Retzer,Left,72,185,0.264,14,"(180, 190]"
1006,Ed Stroud,Left,71,180,0.237,14,"(170, 180]"
220,Vern Fuller,Right,73,170,0.232,14,"(160, 170]"
319,Mickey Klutts,Right,71,170,0.241,14,"(160, 170]"
564,Tom Veryzer,Right,73,175,0.241,14,"(170, 180]"
661,Phil Gagliano,Right,73,180,0.238,14,"(170, 180]"
686,Bob Uecker,Right,73,190,0.2,14,"(180, 190]"
731,Dave Edwards,Right,72,170,0.237,14,"(160, 170]"
773,Greg Pryor,Right,72,180,0.25,14,"(170, 180]"
1018,Ken Hubbs,Right,74,175,0.247,14,"(170, 180]"
1042,Rod Gilbreath,Right,74,180,0.248,14,"(170, 180]"
1062,Jim Beauchamp,Right,74,190,0.231,14,"(180, 190]"
1075,Bubba Morton,Right,70,175,0.267,14,"(170, 180]"
1132,Bill Plummer,Right,73,190,0.188,14,"(180, 190]"
541,Larry Bowa,Both,70,155,0.26,15,"(150, 160]"
1047,Gene Michael,Both,74,183,0.229,15,"(180, 190]"
725,Wayne Krenchicki,Left,73,180,0.266,15,"(170, 180]"
1010,Daryl Sconiers,Left,74,185,0.265,15,"(180, 190]"
15,Rick Wise,Right,73,180,0.195,15,"(170, 180]"
110,Ray Oyler,Right,71,165,0.175,15,"(160, 170]"
123,Dick Simpson,Right,76,176,0.207,15,"(170, 180]"
382,Dave Chalk,Right,70,175,0.252,15,"(170, 180]"
385,Danny Thompson,Right,72,183,0.248,15,"(180, 190]"
553,Jerry May,Right,74,190,0.234,15,"(180, 190]"
610,Doc Edwards,Right,74,215,0.238,15,"(210, 220]"
805,Don Leppert,Right,74,220,0.229,15,"(210, 220]"
478,Steve Huntz,Both,73,204,0.206,16,"(200, 210]"
855,Joe Wallis,Both,71,180,0.244,16,"(170, 180]"
3,Denny Doyle,Left,69,175,0.25,16,"(170, 180]"
370,Jim Nettles,Left,72,186,0.22,16,"(180, 190]"
592,Dave Marshall,Left,73,182,0.246,16,"(180, 190]"
923,Terry Francona,Left,73,190,0.274,16,"(180, 190]"
118,Wayne Comer,Right,70,175,0.229,16,"(170, 180]"
129,Dick Howser,Right,68,155,0.248,16,"(150, 160]"
429,Glenn Borgmann,Right,76,210,0.229,16,"(200, 210]"
467,Dick Billings,Right,73,195,0.227,16,"(190, 200]"
588,Ned Yost,Right,73,190,0.212,16,"(180, 190]"
1019,Pepe Mangual,Right,70,157,0.242,16,"(150, 160]"
1076,Ellie Rodriguez,Right,71,185,0.245,16,"(180, 190]"
109,Tony Scott,Both,72,164,0.249,17,"(160, 170]"
201,Billy Smith,Both,74,185,0.23,17,"(180, 190]"
735,Ron Roenicke,Both,72,180,0.238,17,"(170, 180]"
448,Ray Webster,Left,72,185,0.244,17,"(180, 190]"
702,Hosken Powell,Left,73,175,0.259,17,"(170, 180]"
53,Ted Ford,Right,70,180,0.219,17,"(170, 180]"
237,Rick Bosetti,Right,71,185,0.25,17,"(180, 190]"
475,Fernando Gonzalez,Right,70,165,0.235,17,"(160, 170]"
507,Rob Picciolo,Right,74,185,0.234,17,"(180, 190]"
581,Chuck Harrison,Right,70,185,0.238,17,"(180, 190]"
969,Doug Ault,Right,75,200,0.236,17,"(190, 200]"
976,Bob Brower,Right,71,185,0.242,17,"(180, 190]"
616,Rudy Law,Left,73,165,0.271,18,"(160, 170]"
1008,Harry Spilman,Left,73,180,0.237,18,"(170, 180]"
1087,Rick Leach,Left,73,180,0.268,18,"(170, 180]"
81,Hector Torres,Right,72,175,0.216,18,"(170, 180]"
86,Elliott Maddox,Right,71,180,0.261,18,"(170, 180]"
134,Willie Norwood,Right,72,185,0.242,18,"(180, 190]"
152,Johnny Jeter,Right,73,180,0.244,18,"(170, 180]"
372,Chris Cannizzaro,Right,72,190,0.235,18,"(180, 190]"
388,Doug Camilli,Right,71,195,0.199,18,"(190, 200]"
573,Jim Price,Right,72,192,0.214,18,"(190, 200]"
936,Bruce Benedict,Right,73,175,0.242,18,"(170, 180]"
342,Ron Hodges,Left,73,185,0.24,19,"(180, 190]"
709,Jim Holt,Left,72,180,0.265,19,"(170, 180]"
721,Bill Voss,Left,74,160,0.227,19,"(150, 160]"
366,Gary Allenson,Right,71,185,0.221,19,"(180, 190]"
557,Bobby Clark,Right,72,190,0.239,19,"(180, 190]"
784,Cap Peterson,Right,74,195,0.23,19,"(190, 200]"
1120,Alan Bannister,Right,71,170,0.27,19,"(160, 170]"
440,Billy North,Both,71,185,0.261,20,"(180, 190]"
188,Chuck Hiller,Left,71,170,0.243,20,"(160, 170]"
601,Bob Jones,Left,74,195,0.221,20,"(190, 200]"
691,Thad Bosley,Left,75,175,0.272,20,"(170, 180]"
1129,Doug Frobel,Left,76,196,0.201,20,"(190, 200]"
84,Steve Lombardozzi,Right,72,175,0.233,20,"(170, 180]"
127,Steve Swisher,Right,74,205,0.216,20,"(200, 210]"
306,Mark Belanger,Right,73,170,0.228,20,"(160, 170]"
365,Carmen Fanzone,Right,72,200,0.224,20,"(190, 200]"
409,Larvell Blanks,Right,68,167,0.253,20,"(160, 170]"
427,Ike Brown,Right,72,190,0.256,20,"(180, 190]"
554,Rich McKinney,Right,71,185,0.225,20,"(180, 190]"
609,Fran Healy,Right,77,220,0.25,20,"(210, 220]"
775,Dave Nelson,Right,70,160,0.244,20,"(150, 160]"
816,Rick Renick,Right,72,188,0.221,20,"(180, 190]"
818,Dave Campbell,Right,73,180,0.213,20,"(170, 180]"
844,Ron Washington,Right,71,155,0.261,20,"(150, 160]"
980,Garth Iorg,Right,71,170,0.258,20,"(160, 170]"
140,Dave McKay,Both,73,195,0.229,21,"(190, 200]"
240,Jerry White,Both,70,164,0.253,21,"(160, 170]"
744,Biff Pocoroba,Both,70,175,0.257,21,"(170, 180]"
68,Tom Satriano,Left,73,185,0.225,21,"(180, 190]"
641,Jerry Narron,Left,75,205,0.211,21,"(200, 210]"
1078,Dick Nen,Left,74,200,0.224,21,"(190, 200]"
36,Ivan DeJesus,Right,71,175,0.254,21,"(170, 180]"
190,Dave Cash,Right,71,170,0.283,21,"(160, 170]"
454,Bobby Mitchell,Right,75,185,0.235,21,"(180, 190]"
719,Jim Wohlford,Right,71,175,0.26,21,"(170, 180]"
880,John Wathan,Right,74,205,0.262,21,"(200, 210]"
926,Joe Gaines,Right,73,190,0.241,21,"(180, 190]"
1031,Hal Breeden,Right,74,200,0.243,21,"(190, 200]"
122,Johnny Lewis,Left,73,189,0.227,22,"(180, 190]"
341,Tom Hutton,Left,71,180,0.248,22,"(170, 180]"
35,Jerry Buchek,Right,71,185,0.22,22,"(180, 190]"
241,Angel Mangual,Right,70,178,0.245,22,"(170, 180]"
279,Roger Freed,Right,72,190,0.245,22,"(180, 190]"
519,Jack Hiatt,Right,74,190,0.251,22,"(180, 190]"
520,Nelson Mathews,Right,76,195,0.223,22,"(190, 200]"
574,Felix Millan,Right,71,172,0.279,22,"(170, 180]"
738,Johnnie LeMaster,Right,74,165,0.222,22,"(160, 170]"
852,Tom Egan,Right,76,218,0.2,22,"(210, 220]"
941,Reid Nichols,Right,71,165,0.266,22,"(160, 170]"
1056,Marty Perez,Right,71,160,0.246,22,"(150, 160]"
1093,Glenn Beckert,Right,73,190,0.283,22,"(180, 190]"
913,Julio Cruz,Both,69,165,0.237,23,"(160, 170]"
861,Lyman Bostock,Left,73,180,0.311,23,"(170, 180]"
204,Chuck Schilling,Right,70,160,0.239,23,"(150, 160]"
276,Duane Josephson,Right,72,190,0.258,23,"(180, 190]"
346,Bob Montgomery,Right,73,195,0.258,23,"(190, 200]"
399,Ted Sizemore,Right,70,165,0.262,23,"(160, 170]"
511,Bob Dernier,Right,72,160,0.255,23,"(150, 160]"
572,Alex Trevino,Right,70,165,0.249,23,"(160, 170]"
644,Mike Brown,Right,74,195,0.265,23,"(190, 200]"
920,Glenn Hoffman,Right,73,175,0.242,23,"(170, 180]"
1022,Steve Ontiveros,Both,72,185,0.274,24,"(180, 190]"
213,Steve Whitaker,Left,72,180,0.23,24,"(170, 180]"
277,Duane Walker,Left,72,185,0.229,24,"(180, 190]"
881,Hal King,Left,73,200,0.214,24,"(190, 200]"
909,Norm Miller,Left,70,185,0.238,24,"(180, 190]"
912,Bob Chance,Left,74,196,0.261,24,"(190, 200]"
66,Syd O'Brien,Right,73,185,0.23,24,"(180, 190]"
242,Ken Gerhart,Right,72,190,0.221,24,"(180, 190]"
546,Gary Gray,Right,72,187,0.24,24,"(180, 190]"
717,Eddie Leon,Right,72,170,0.236,24,"(160, 170]"
1115,Gary Sutherland,Right,72,185,0.243,24,"(180, 190]"
183,Jake Gibbs,Left,72,180,0.233,25,"(170, 180]"
1128,Gail Hopkins,Left,70,198,0.266,25,"(190, 200]"
259,Mike de la Hoz,Right,71,175,0.251,25,"(170, 180]"
464,Lenn Sakata,Right,69,160,0.23,25,"(150, 160]"
493,Tim Foli,Right,72,179,0.251,25,"(170, 180]"
760,Curt Motton,Right,68,164,0.213,25,"(160, 170]"
791,Bill Nahorodny,Right,74,200,0.241,25,"(190, 200]"
1025,Jerry Moses,Right,75,210,0.251,25,"(200, 210]"
1043,Mark Brouhard,Right,73,210,0.259,25,"(200, 210]"
340,Bobby Brown,Both,74,190,0.245,26,"(180, 190]"
214,Manny Jimenez,Left,73,185,0.272,26,"(180, 190]"
613,Gene Richards,Left,72,175,0.29,26,"(170, 180]"
1114,Jesse Gonder,Left,70,180,0.251,26,"(170, 180]"
243,Mike Hershberger,Right,70,175,0.252,26,"(170, 180]"
390,Bruce Bochy,Right,75,205,0.239,26,"(200, 210]"
496,Jose Morales,Right,71,187,0.287,26,"(180, 190]"
631,Ron Woods,Right,70,168,0.233,26,"(160, 170]"
694,John Boccabella,Right,73,195,0.219,26,"(190, 200]"
1116,Bob Coluccio,Right,71,183,0.22,26,"(180, 190]"
1151,Frank Duffy,Right,73,180,0.232,26,"(170, 180]"
229,Horace Clarke,Both,69,170,0.256,27,"(160, 170]"
313,U L Washington,Both,71,175,0.251,27,"(170, 180]"
517,Chris Bando,Both,72,195,0.227,27,"(190, 200]"
772,Len Randle,Both,70,169,0.257,27,"(160, 170]"
2,Joe Nolan,Left,71,175,0.263,27,"(170, 180]"
352,George Vukovich,Left,72,198,0.268,27,"(190, 200]"
544,Pete LaCock,Left,74,200,0.257,27,"(190, 200]"
774,Jim Traber,Left,72,194,0.227,27,"(190, 200]"
64,Kurt Bevacqua,Right,72,180,0.236,27,"(170, 180]"
274,Mike Tyson,Right,69,170,0.241,27,"(160, 170]"
449,Bob Kearney,Right,72,190,0.233,27,"(180, 190]"
485,Dick Davis,Right,75,190,0.265,27,"(180, 190]"
662,Jerry McNertney,Right,72,180,0.237,27,"(170, 180]"
687,Felix Torres,Right,71,165,0.254,27,"(160, 170]"
883,Andres Mora,Right,72,180,0.223,27,"(170, 180]"
1139,Rick Miller,Left,72,175,0.269,28,"(170, 180]"
5,Mike Ryan,Right,74,205,0.193,28,"(200, 210]"
25,Danny Walton,Right,72,195,0.223,28,"(190, 200]"
335,Coco Laboy,Right,70,165,0.233,28,"(160, 170]"
845,Billy Grabarkewitz,Right,70,165,0.236,28,"(160, 170]"
1036,Mike Anderson,Right,74,200,0.246,28,"(190, 200]"
253,Paul Householder,Both,72,180,0.236,29,"(170, 180]"
373,Larry Biittner,Left,74,205,0.273,29,"(200, 210]"
310,Vic Correll,Right,70,185,0.229,29,"(180, 190]"
562,Charlie James,Right,73,195,0.255,29,"(190, 200]"
997,Rey Quinones,Right,71,160,0.243,29,"(150, 160]"
1038,Joe Charboneau,Right,74,205,0.266,29,"(200, 210]"
525,Jerry Hairston,Both,70,170,0.258,30,"(160, 170]"
149,Jack Brohamer,Left,70,165,0.245,30,"(160, 170]"
150,Von Joshua,Left,70,170,0.273,30,"(160, 170]"
317,Ed Goodson,Left,75,180,0.26,30,"(170, 180]"
580,Jim Gosger,Left,71,185,0.226,30,"(180, 190]"
745,Len Matuszek,Left,74,190,0.234,30,"(180, 190]"
1117,Dave Rader,Left,71,165,0.257,30,"(160, 170]"
80,Byron Browne,Right,74,190,0.236,30,"(180, 190]"
216,Duffy Dyer,Right,72,187,0.221,30,"(180, 190]"
444,Steve Brye,Right,72,190,0.258,30,"(180, 190]"
1083,Pete Mackanin,Right,74,190,0.226,30,"(180, 190]"
1123,Bobby Wine,Right,73,187,0.215,30,"(180, 190]"
1133,Buck Rodgers,Both,74,190,0.232,31,"(180, 190]"
124,Ken Boswell,Left,72,170,0.248,31,"(160, 170]"
547,Matty Alou,Left,69,160,0.307,31,"(150, 160]"
747,Joe Lefebvre,Left,70,170,0.258,31,"(160, 170]"
1020,Leron Lee,Left,72,196,0.25,31,"(190, 200]"
172,Chico Salmon,Right,70,160,0.249,31,"(150, 160]"
297,Dave Engle,Right,75,210,0.262,31,"(200, 210]"
492,Mike Diaz,Right,74,195,0.247,31,"(190, 200]"
766,Carl Warwick,Right,70,170,0.248,31,"(160, 170]"
835,Manny Mota,Right,70,160,0.304,31,"(150, 160]"
940,David Green,Right,75,170,0.268,31,"(160, 170]"
1035,Fred Kendall,Right,73,185,0.234,31,"(180, 190]"
119,Dave Collins,Both,71,175,0.272,32,"(170, 180]"
555,Clint Hurdle,Left,75,195,0.259,32,"(190, 200]"
1086,Rowland Office,Left,72,170,0.259,32,"(160, 170]"
436,Jesus Alou,Right,74,190,0.28,32,"(180, 190]"
456,Mickey Brantley,Right,70,180,0.259,32,"(170, 180]"
707,Joe Lis,Right,72,175,0.233,32,"(170, 180]"
1125,John Kennedy,Right,72,185,0.225,32,"(180, 190]"
589,Bob Stinson,Both,71,180,0.25,33,"(170, 180]"
291,Terry Whitfield,Left,73,197,0.281,33,"(190, 200]"
885,Ed Ott,Left,70,190,0.259,33,"(180, 190]"
966,Al Luplow,Left,70,175,0.235,33,"(170, 180]"
82,Walt Williams,Right,66,165,0.27,33,"(160, 170]"
567,Jim Essian,Right,74,195,0.244,33,"(190, 200]"
978,Ivan Murrell,Right,74,195,0.236,33,"(190, 200]"
670,Glenn Adams,Left,73,180,0.28,34,"(170, 180]"
858,Mike Cubbage,Left,72,180,0.258,34,"(170, 180]"
169,Marc Hill,Right,75,205,0.223,34,"(200, 210]"
368,Mike Vail,Right,73,180,0.279,34,"(170, 180]"
851,Todd Cruz,Right,72,175,0.22,34,"(170, 180]"
875,Tommy Helms,Right,70,165,0.269,34,"(160, 170]"
1082,Ted Savage,Right,73,185,0.233,34,"(180, 190]"
91,Rusty Torres,Both,70,175,0.212,35,"(170, 180]"
673,R.J. Reynolds,Both,72,190,0.267,35,"(180, 190]"
615,Al Woods,Left,75,190,0.271,35,"(180, 190]"
974,Jake Wood,Right,73,163,0.25,35,"(160, 170]"
61,Bump Wills,Both,69,172,0.266,36,"(170, 180]"
262,Larry Stahl,Left,72,175,0.232,36,"(170, 180]"
471,Vic Davalillo,Left,67,150,0.279,36,"(140, 150]"
785,Ted Uhlaender,Left,74,190,0.263,36,"(180, 190]"
647,Terry Harper,Right,76,195,0.253,36,"(190, 200]"
862,Damaso Garcia,Right,73,165,0.283,36,"(160, 170]"
933,Charlie Moore,Right,71,180,0.261,36,"(170, 180]"
1104,Bill Almon,Right,75,180,0.254,36,"(170, 180]"
87,Omar Moreno,Left,74,180,0.252,37,"(170, 180]"
948,Len Gabrielson,Left,76,210,0.253,37,"(200, 210]"
421,Pedro Garcia,Right,70,175,0.22,37,"(170, 180]"
600,Dave Hostetler,Right,76,215,0.229,37,"(210, 220]"
769,Luis Aguayo,Right,69,173,0.236,37,"(170, 180]"
144,Benny Ayala,Right,73,185,0.251,38,"(180, 190]"
179,Chris Brown,Right,72,185,0.269,38,"(180, 190]"
593,Mickey Hatcher,Right,74,200,0.28,38,"(190, 200]"
640,Brant Alyea,Right,75,215,0.247,38,"(210, 220]"
1144,Floyd Rayford,Right,70,190,0.244,38,"(180, 190]"
504,Rob Wilfong,Left,73,180,0.248,39,"(170, 180]"
120,Ed Spiezio,Right,71,180,0.238,39,"(170, 180]"
307,Ron Hunt,Right,72,186,0.273,39,"(180, 190]"
442,Frank Fernandez,Right,72,185,0.199,39,"(180, 190]"
459,Hector Cruz,Right,71,170,0.225,39,"(160, 170]"
743,Wayne Nordhagen,Right,74,205,0.282,39,"(200, 210]"
1060,Jerry Grote,Right,70,185,0.252,39,"(180, 190]"
483,Joe Hague,Left,72,195,0.239,40,"(190, 200]"
585,Marvell Wynne,Left,71,175,0.247,40,"(170, 180]"
191,Bucky Dent,Right,69,170,0.247,40,"(160, 170]"
197,Billy Conigliaro,Right,72,180,0.256,40,"(170, 180]"
200,Billy Cowan,Right,72,170,0.236,40,"(160, 170]"
596,John Orsino,Right,75,215,0.249,40,"(210, 220]"
648,Jerry Royster,Right,72,165,0.249,40,"(160, 170]"
77,Walt Bond,Left,79,228,0.256,41,"(220, 230]"
289,Billy Bryan,Left,76,200,0.216,41,"(190, 200]"
550,Dalton Jones,Left,73,180,0.235,41,"(170, 180]"
551,Rennie Stennett,Right,71,160,0.274,41,"(150, 160]"
704,Dave Stapleton,Right,73,178,0.271,41,"(170, 180]"
842,John Castino,Right,71,175,0.278,41,"(170, 180]"
1017,Freddie Patek,Right,65,148,0.242,41,"(140, 150]"
669,Ron Oester,Both,74,185,0.265,42,"(180, 190]"
768,George Wright,Both,71,180,0.245,42,"(170, 180]"
151,Eddie Milner,Left,71,173,0.253,42,"(170, 180]"
228,Terry Crowley,Left,72,180,0.25,42,"(170, 180]"
354,Craig Reynolds,Left,73,175,0.256,42,"(170, 180]"
257,Andres Thomas,Right,73,170,0.234,42,"(160, 170]"
425,Derrel Thomas,Both,72,160,0.249,43,"(150, 160]"
233,Phil Roof,Right,74,190,0.215,43,"(180, 190]"
426,Art Howe,Right,74,190,0.26,43,"(180, 190]"
1084,Rich Dauer,Right,72,180,0.257,43,"(170, 180]"
161,Darryl Motley,Right,69,196,0.243,44,"(190, 200]"
637,Bob Johnson,Right,70,175,0.272,44,"(170, 180]"
654,Bill Stein,Right,70,170,0.267,44,"(160, 170]"
1064,Tito Fuentes,Both,71,175,0.268,45,"(170, 180]"
821,Jerry Turner,Left,69,180,0.257,45,"(170, 180]"
767,Sam Bowens,Right,73,188,0.223,45,"(180, 190]"
1029,Roy Foster,Right,72,185,0.253,45,"(180, 190]"
248,Willie Smith,Left,72,182,0.248,46,"(180, 190]"
72,Cesar Tovar,Right,69,155,0.278,46,"(150, 160]"
92,John Stearns,Right,72,185,0.26,46,"(180, 190]"
914,Bill Sample,Right,69,175,0.272,46,"(170, 180]"
917,Craig Kusick,Right,75,210,0.235,46,"(200, 210]"
1073,Bill Russell,Right,72,175,0.263,46,"(170, 180]"
93,Larry Brown,Right,70,160,0.233,47,"(150, 160]"
642,Lou Johnson,Right,71,170,0.258,48,"(160, 170]"
174,Andy Etchebarren,Right,73,190,0.235,49,"(180, 190]"
206,Dave Roberts,Right,75,215,0.239,49,"(210, 220]"
762,Dale Berra,Right,72,180,0.236,49,"(170, 180]"
312,Tony Solaita,Left,72,210,0.255,50,"(200, 210]"
85,Joe Azcue,Right,72,190,0.252,50,"(180, 190]"
225,Paul Casanova,Right,76,180,0.225,50,"(170, 180]"
796,Rick Burleson,Right,70,165,0.273,50,"(160, 170]"
288,Cesar Geronimo,Left,72,165,0.258,51,"(160, 170]"
1012,Al Ferrara,Right,73,200,0.259,51,"(190, 200]"
516,Rich Reese,Left,75,185,0.253,52,"(180, 190]"
688,Steve Braun,Left,70,180,0.271,52,"(170, 180]"
983,Ron Blomberg,Left,73,195,0.293,52,"(190, 200]"
701,Buddy Bradford,Right,71,170,0.226,52,"(160, 170]"
435,Johnny Ray,Both,71,170,0.29,53,"(160, 170]"
491,Mike Hegan,Left,73,188,0.242,53,"(180, 190]"
180,Al Bumbry,Left,68,170,0.281,54,"(160, 170]"
999,Champ Summers,Left,74,205,0.255,54,"(200, 210]"
156,Cookie Rojas,Right,70,160,0.263,54,"(150, 160]"
957,Clay Dalrymple,Left,72,190,0.233,55,"(180, 190]"
398,Gene Alley,Right,70,160,0.254,55,"(150, 160]"
891,Gary Alexander,Right,74,195,0.23,55,"(190, 200]"
284,Rick Manning,Left,73,180,0.257,56,"(170, 180]"
339,Bobby Knoop,Right,73,170,0.236,56,"(160, 170]"
445,Ron Jackson,Right,72,200,0.259,56,"(190, 200]"
651,Barry Bonnell,Right,75,190,0.272,56,"(180, 190]"
729,Paul Schaal,Right,71,165,0.244,57,"(160, 170]"
884,Barry Foote,Right,75,205,0.23,57,"(200, 210]"
17,Buck Martinez,Right,70,190,0.225,58,"(180, 190]"
175,Ken Berry,Right,72,175,0.255,58,"(170, 180]"
316,Joe Foy,Right,72,215,0.248,58,"(210, 220]"
666,Bill Sudakis,Both,73,190,0.234,59,"(180, 190]"
324,Adolfo Phillips,Right,73,175,0.247,59,"(170, 180]"
1072,Ron LeFlore,Right,72,200,0.288,59,"(190, 200]"
48,Ed Brinkman,Right,72,170,0.224,60,"(160, 170]"
438,Enos Cabell,Right,76,170,0.277,60,"(160, 170]"
49,Wayne Garrett,Left,71,175,0.239,61,"(170, 180]"
104,Gary Thomasson,Left,73,180,0.249,61,"(170, 180]"
417,Mickey Rivers,Left,70,165,0.295,61,"(160, 170]"
676,Ray Fosse,Right,74,215,0.256,61,"(210, 220]"
956,Bill Schroeder,Right,74,200,0.24,61,"(190, 200]"
1016,Dave Nicholson,Right,74,215,0.212,61,"(210, 220]"
1032,Manny Trillo,Right,73,150,0.263,61,"(140, 150]"
1061,Ellie Hendricks,Left,73,175,0.22,62,"(170, 180]"
1109,Dave Revering,Left,76,210,0.265,62,"(200, 210]"
63,Pat Putnam,Left,72,205,0.255,63,"(200, 210]"
484,Bake McBride,Left,74,190,0.299,63,"(180, 190]"
28,Jeff Newman,Right,74,215,0.224,63,"(210, 220]"
938,Wes Parker,Both,73,180,0.267,64,"(170, 180]"
430,Lamar Johnson,Right,74,215,0.287,64,"(210, 220]"
1071,Butch Wynegar,Both,73,190,0.255,65,"(180, 190]"
138,Joe Lahoud,Left,73,198,0.223,65,"(190, 200]"
211,Charlie Spikes,Right,75,215,0.246,65,"(210, 220]"
230,Lou Clinton,Right,73,185,0.247,65,"(180, 190]"
433,Manny Sanguillen,Right,72,193,0.296,65,"(190, 200]"
951,Tom Grieve,Right,74,190,0.249,65,"(180, 190]"
78,Merv Rettenmund,Right,70,190,0.271,66,"(180, 190]"
451,Dick Dietz,Right,73,195,0.261,66,"(190, 200]"
556,Mike Andrews,Right,75,195,0.258,66,"(190, 200]"
955,Danny Cater,Right,72,170,0.276,66,"(160, 170]"
112,Floyd Robinson,Left,69,175,0.283,67,"(170, 180]"
1067,Art Shamsky,Left,73,168,0.253,68,"(160, 170]"
396,Ken Reitz,Right,72,180,0.26,68,"(170, 180]"
506,Steve Henderson,Right,74,190,0.28,68,"(180, 190]"
1095,Mike Shannon,Right,75,195,0.255,68,"(190, 200]"
682,Charley Smith,Right,73,170,0.239,69,"(160, 170]"
937,John Ellis,Right,74,225,0.262,69,"(220, 230]"
1091,Jerry Mumphrey,Both,74,185,0.289,70,"(180, 190]"
278,Glenn Hubbard,Right,69,150,0.244,70,"(140, 150]"
103,Tom Brookens,Right,70,165,0.246,71,"(160, 170]"
1045,Mike Young,Both,74,195,0.247,72,"(190, 200]"
663,Mitchell Page,Left,74,205,0.266,72,"(200, 210]"
389,Bernie Allen,Left,72,175,0.239,73,"(170, 180]"
477,Andy Kosco,Right,75,205,0.236,73,"(200, 210]"
1007,Ron Swoboda,Right,74,195,0.242,73,"(190, 200]"
208,Jim Lefebvre,Both,72,180,0.251,74,"(170, 180]"
19,Tommy McCraw,Left,72,183,0.246,75,"(180, 190]"
934,Ralph Garr,Left,71,185,0.306,75,"(180, 190]"
819,Pat Kelly,Left,73,185,0.264,76,"(180, 190]"
268,George Mitterwald,Right,74,195,0.236,76,"(190, 200]"
632,Tony Horton,Right,75,210,0.268,76,"(200, 210]"
367,Milt May,Left,72,190,0.263,77,"(180, 190]"
549,Jim Dwyer,Left,70,165,0.26,77,"(160, 170]"
76,Rich Rollins,Right,70,185,0.269,77,"(180, 190]"
320,Leroy Stanton,Right,73,195,0.244,77,"(190, 200]"
495,Tim Laudner,Right,75,212,0.225,77,"(210, 220]"
624,Don Wert,Right,70,162,0.242,77,"(160, 170]"
88,Julian Javier,Right,73,175,0.257,78,"(170, 180]"
108,Otto Velez,Right,72,170,0.251,78,"(160, 170]"
724,Alex Johnson,Right,72,205,0.288,78,"(200, 210]"
931,Phil Bradley,Right,72,185,0.286,78,"(180, 190]"
946,Leon Roberts,Right,75,200,0.267,78,"(190, 200]"
271,Bob Tillman,Right,76,205,0.232,79,"(200, 210]"
441,Juan Beniquez,Right,71,150,0.274,79,"(140, 150]"
1001,Bert Campaneris,Right,70,160,0.259,79,"(150, 160]"
487,Ed Herrmann,Left,73,195,0.24,80,"(190, 200]"
802,Mike Hargrove,Left,72,195,0.29,80,"(190, 200]"
865,Roy Howell,Left,73,190,0.261,80,"(180, 190]"
606,Dick Green,Right,70,180,0.24,80,"(170, 180]"
655,Joel Youngblood,Right,72,180,0.265,80,"(170, 180]"
949,Johnny Edwards,Left,76,220,0.242,81,"(210, 220]"
582,Mike Ivie,Right,75,205,0.269,81,"(200, 210]"
924,John Bateman,Right,75,210,0.23,81,"(200, 210]"
594,Roger Repoz,Left,75,190,0.224,82,"(180, 190]"
633,Randy Hundley,Right,71,170,0.236,82,"(160, 170]"
870,Bobby Darwin,Right,74,190,0.251,83,"(180, 190]"
434,Gates Brown,Left,71,220,0.257,84,"(210, 220]"
689,Ray Knight,Right,73,185,0.271,84,"(180, 190]"
1059,Ed Kirkpatrick,Left,71,195,0.238,85,"(190, 200]"
653,Jerry Martin,Right,73,195,0.251,85,"(190, 200]"
132,Willie Crawford,Left,73,197,0.268,86,"(190, 200]"
628,Bobby Tolan,Left,71,170,0.265,86,"(160, 170]"
708,Dan Meyer,Left,71,180,0.253,86,"(170, 180]"
18,John Wockenfuss,Right,72,190,0.262,86,"(180, 190]"
344,Tom Paciorek,Right,76,215,0.282,86,"(210, 220]"
1140,Ed Charles,Right,70,170,0.263,86,"(160, 170]"
975,Del Unser,Left,73,180,0.258,87,"(170, 180]"
60,Bo Diaz,Right,71,185,0.255,87,"(180, 190]"
981,Alan Ashby,Both,74,185,0.245,90,"(180, 190]"
758,Mike Lum,Left,72,180,0.247,90,"(170, 180]"
958,Carlos May,Left,71,200,0.274,90,"(190, 200]"
411,Mike Davis,Left,74,175,0.259,91,"(170, 180]"
437,Ken Landreaux,Left,70,165,0.268,91,"(160, 170]"
23,Lee Lacy,Right,73,175,0.286,91,"(170, 180]"
155,Cito Gaston,Right,75,190,0.256,91,"(180, 190]"
982,Bob Brenly,Right,74,210,0.247,91,"(200, 210]"
281,Rod Carew,Left,72,170,0.328,92,"(160, 170]"
638,Don Buford,Both,67,160,0.264,93,"(150, 160]"
979,Lee Mazzilli,Both,73,180,0.259,93,"(170, 180]"
756,Cleon Jones,Right,72,185,0.281,93,"(180, 190]"
893,Bob Oliver,Right,75,205,0.256,94,"(200, 210]"
1100,Mike Jorgensen,Left,72,195,0.243,95,"(190, 200]"
476,Jim Sundberg,Right,72,190,0.248,95,"(180, 190]"
987,Jerry Morales,Right,70,155,0.259,95,"(150, 160]"
470,Bernie Carbo,Left,71,173,0.264,96,"(170, 180]"
843,Dave May,Left,70,186,0.251,96,"(180, 190]"
405,Pete Ward,Left,73,185,0.254,98,"(180, 190]"
162,Ozzie Virgil,Right,73,180,0.243,98,"(170, 180]"
879,Butch Hobson,Right,73,193,0.248,98,"(190, 200]"
759,Johnny Grubb,Left,75,175,0.278,99,"(170, 180]"
408,Duke Sims,Left,74,197,0.239,100,"(190, 200]"
469,Bruce Bochte,Left,75,195,0.282,100,"(190, 200]"
176,Dave Concepcion,Right,74,155,0.267,101,"(150, 160]"
1030,Denis Menke,Right,72,185,0.25,101,"(180, 190]"
167,Jay Johnstone,Left,73,175,0.267,102,"(170, 180]"
46,Eric Soderholm,Right,71,187,0.264,102,"(180, 190]"
413,Steve Yeager,Right,72,190,0.228,102,"(180, 190]"
878,Lou Piniella,Right,72,182,0.291,102,"(180, 190]"
902,Ollie Brown,Right,74,178,0.265,102,"(170, 180]"
194,Tony Gonzalez,Left,69,170,0.286,103,"(160, 170]"
793,Bob Boone,Right,74,195,0.254,105,"(190, 200]"
675,Lee Thomas,Left,74,195,0.255,106,"(190, 200]"
711,Larry Herndon,Right,75,190,0.274,107,"(180, 190]"
39,Fred Whitfield,Left,73,190,0.253,108,"(180, 190]"
356,Al Cowens,Right,73,197,0.27,108,"(190, 200]"
465,Dave Duncan,Right,74,190,0.214,109,"(180, 190]"
1154,Phil Garner,Right,70,175,0.26,109,"(170, 180]"
846,Willie Aikens,Left,75,220,0.271,110,"(210, 220]"
856,Max Alvis,Right,71,185,0.247,111,"(180, 190]"
697,Curt Blefary,Left,74,195,0.237,112,"(190, 200]"
337,Jim Morrison,Right,71,175,0.26,112,"(170, 180]"
1046,Chris Speier,Right,73,175,0.246,112,"(170, 180]"
646,Greg Walker,Left,75,205,0.26,113,"(200, 210]"
234,Chuck Hinton,Right,73,180,0.264,113,"(170, 180]"
303,Thurman Munson,Right,71,190,0.292,113,"(180, 190]"
899,Bob Robertson,Right,73,195,0.242,115,"(190, 200]"
481,John Lowenstein,Left,72,175,0.253,116,"(170, 180]"
942,Rick Reichardt,Right,75,210,0.261,116,"(200, 210]"
571,Garry Maddox,Right,75,175,0.285,117,"(170, 180]"
928,Mickey Stanley,Right,73,185,0.248,117,"(180, 190]"
185,Ed Kranepool,Left,75,205,0.261,118,"(200, 210]"
299,Mike Easler,Left,72,190,0.293,118,"(180, 190]"
1066,Leo Cardenas,Right,71,150,0.257,118,"(140, 150]"
222,Wayne Gross,Left,74,210,0.233,121,"(200, 210]"
693,Jimmie Hall,Left,72,175,0.254,121,"(170, 180]"
159,Dan Ford,Right,73,185,0.27,121,"(180, 190]"
198,Gary Roenicke,Right,75,205,0.247,121,"(200, 210]"
722,Keith Moreland,Right,72,190,0.279,121,"(180, 190]"
217,Ken Henderson,Both,74,180,0.257,122,"(170, 180]"
199,Don Lock,Right,74,195,0.238,122,"(190, 200]"
369,Nick Esasky,Right,75,200,0.25,122,"(190, 200]"
1105,Joe Ferguson,Right,74,200,0.24,122,"(190, 200]"
605,Willie Upshaw,Left,72,185,0.262,123,"(180, 190]"
831,Ken Phelps,Left,73,209,0.239,123,"(200, 210]"
963,Ellis Valentine,Right,76,205,0.278,123,"(200, 210]"
254,Aurelio Rodriguez,Right,70,180,0.237,124,"(170, 180]"
618,Jody Davis,Right,76,192,0.245,127,"(190, 200]"
189,Jorge Orta,Left,70,170,0.278,130,"(160, 170]"
795,Steve Kemp,Left,72,195,0.278,130,"(190, 200]"
1090,Mike Epstein,Left,75,230,0.244,130,"(220, 230]"
705,Gary Ward,Right,74,195,0.276,130,"(190, 200]"
782,Tommie Agee,Right,71,195,0.255,130,"(190, 200]"
515,John Milner,Left,72,185,0.249,131,"(180, 190]"
1122,Ken Harrelson,Right,74,190,0.239,131,"(180, 190]"
700,Mack Jones,Left,73,180,0.252,133,"(170, 180]"
1004,Tom Haller,Left,76,195,0.257,134,"(190, 200]"
355,Paul Blair,Right,72,168,0.25,134,"(160, 170]"
962,Davey Johnson,Right,73,170,0.261,136,"(160, 170]"
4,Jose Cardenal,Right,70,150,0.275,138,"(140, 150]"
847,Earl Williams,Right,75,215,0.247,138,"(210, 220]"
598,Johnny Briggs,Left,73,190,0.253,139,"(180, 190]"
996,Willie Montanez,Left,72,170,0.275,139,"(160, 170]"
69,Jeffrey Leonard,Right,74,200,0.266,144,"(190, 200]"
543,Jim Spencer,Left,74,195,0.25,146,"(190, 200]"
854,Tommy Harper,Right,69,165,0.257,146,"(160, 170]"
251,Leon Durham,Left,73,185,0.277,147,"(180, 190]"
919,Ruppert Jones,Left,70,170,0.25,147,"(160, 170]"
1014,Sixto Lezcano,Right,70,165,0.271,148,"(160, 170]"
114,Lou Brock,Left,71,170,0.293,149,"(160, 170]"
993,Jim Fregosi,Right,73,190,0.265,151,"(180, 190]"
733,Tom Tresh,Both,73,180,0.245,153,"(170, 180]"
418,Jim Northrup,Left,75,190,0.267,153,"(180, 190]"
872,Dan Driessen,Left,71,187,0.267,153,"(180, 190]"
927,Doug Rader,Right,74,208,0.251,155,"(200, 210]"
988,Davey Lopes,Right,69,170,0.263,155,"(160, 170]"
125,Ken McMullen,Right,75,190,0.248,156,"(180, 190]"
33,Jim Hickman,Right,75,192,0.252,159,"(190, 200]"
561,Donn Clendenon,Right,76,209,0.274,159,"(200, 210]"
24,Pete Rose,Both,71,192,0.303,160,"(190, 200]"
964,Roy White,Both,70,160,0.271,160,"(150, 160]"
100,Frank White,Right,71,165,0.255,160,"(160, 170]"
512,Bill Melton,Right,74,200,0.253,160,"(190, 200]"
602,Keith Hernandez,Left,72,180,0.296,162,"(170, 180]"
378,Roy Smalley,Both,73,185,0.257,163,"(180, 190]"
792,Bill Madlock,Right,71,180,0.305,163,"(170, 180]"
392,Claudell Washington,Left,72,190,0.278,164,"(180, 190]"
263,Jose Cruz,Left,72,170,0.284,165,"(160, 170]"
1088,Dwayne Murphy,Left,73,185,0.246,166,"(180, 190]"
265,Bill Robinson,Right,74,189,0.258,166,"(180, 190]"
294,Larry Hisle,Right,74,193,0.273,166,"(190, 200]"
1146,Tony Conigliaro,Right,75,185,0.264,166,"(180, 190]"
168,Jim Ray Hart,Right,71,185,0.278,170,"(180, 190]"
232,Nate Colbert,Right,74,190,0.243,173,"(180, 190]"
518,Bill Buckner,Left,72,185,0.289,174,"(180, 190]"
1050,Don Money,Right,73,170,0.261,176,"(160, 170]"
1051,Joe Rudi,Right,74,200,0.264,179,"(190, 200]"
1023,Willie Davis,Left,74,180,0.279,182,"(170, 180]"
1121,Bob Watson,Right,72,201,0.295,184,"(200, 210]"
67,Chris Chambliss,Left,73,195,0.279,185,"(190, 200]"
538,Darrell Porter,Left,72,193,0.247,188,"(190, 200]"
783,Bob Bailey,Right,73,180,0.257,189,"(170, 180]"
205,Hal McRae,Right,71,180,0.29,191,"(170, 180]"
397,Amos Otis,Right,71,165,0.277,193,"(160, 170]"
283,Toby Harrah,Right,72,175,0.264,195,"(170, 180]"
559,Cliff Johnson,Right,76,215,0.258,196,"(210, 220]"
327,Dick McAuliffe,Left,71,176,0.247,197,"(170, 180]"
832,Cesar Cedeno,Right,74,175,0.285,199,"(170, 180]"
350,Oscar Gamble,Left,71,160,0.265,200,"(150, 160]"
576,Don Mincher,Left,75,205,0.249,200,"(200, 210]"
1080,Bill Freehan,Right,75,203,0.262,200,"(200, 210]"
614,Buddy Bell,Right,73,180,0.279,201,"(170, 180]"
1074,Gene Tenace,Right,72,190,0.241,201,"(180, 190]"
608,Richie Hebner,Left,73,195,0.276,203,"(190, 200]"
857,Rico Carty,Right,75,200,0.299,204,"(190, 200]"
381,Richie Zisk,Right,73,200,0.287,207,"(190, 200]"
1096,Jason Thompson,Left,76,200,0.261,208,"(190, 200]"
121,Rico Petrocelli,Right,72,175,0.251,210,"(170, 180]"
753,Chet Lemon,Right,72,190,0.273,215,"(180, 190]"
563,Bob Horner,Right,73,195,0.277,218,"(190, 200]"
357,Al Oliver,Left,72,195,0.303,219,"(190, 200]"
906,Joe Pepitone,Left,74,185,0.258,219,"(180, 190]"
154,Tony Oliva,Left,73,175,0.304,220,"(170, 180]"
692,Bobby Grich,Right,74,180,0.266,224,"(170, 180]"
287,Gary Matthews,Right,74,185,0.281,234,"(180, 190]"
635,Ben Oglivie,Left,74,160,0.273,235,"(150, 160]"
841,Doug DeCinces,Right,74,190,0.259,237,"(180, 190]"
347,Jeff Burroughs,Right,73,200,0.261,240,"(190, 200]"
304,Rick Monday,Left,75,193,0.264,241,"(190, 200]"
1103,Cecil Cooper,Left,74,165,0.298,241,"(160, 170]"
267,Sal Bando,Right,72,195,0.254,242,"(190, 200]"
586,Dusty Baker,Right,74,183,0.278,242,"(180, 190]"
622,Deron Johnson,Right,74,200,0.244,245,"(190, 200]"
99,Ken Singleton,Both,76,210,0.282,246,"(200, 210]"
786,Ted Simmons,Both,71,193,0.285,248,"(190, 200]"
876,Tony Armas,Right,71,182,0.252,251,"(180, 190]"
787,Bobby Murcer,Left,71,160,0.277,252,"(150, 160]"
1011,Joe Torre,Right,74,212,0.297,252,"(210, 220]"
892,Andre Thornton,Right,75,200,0.254,253,"(190, 200]"
395,John Mayberry,Left,75,215,0.253,255,"(210, 220]"
360,Larry Parrish,Right,75,190,0.263,256,"(180, 190]"
280,George Hendrick,Right,75,195,0.278,267,"(190, 200]"
672,Joe Morgan,Left,67,160,0.271,268,"(150, 160]"
536,Gorman Thomas,Right,74,210,0.225,268,"(200, 210]"
533,George Scott,Right,74,200,0.268,271,"(190, 200]"
575,Steve Garvey,Right,70,192,0.294,272,"(190, 200]"
991,Jimmy Wynn,Right,70,160,0.25,291,"(150, 160]"
348,Rusty Staub,Left,74,190,0.279,292,"(180, 190]"
293,Fred Lynn,Left,73,185,0.283,306,"(180, 190]"
627,Greg Luzinski,Right,73,220,0.276,307,"(210, 220]"
959,Reggie Smith,Both,72,180,0.287,314,"(170, 180]"
1069,Ron Cey,Right,70,185,0.261,316,"(180, 190]"
877,Willie Horton,Right,71,209,0.273,325,"(200, 210]"
1026,Bobby Bonds,Right,73,190,0.268,332,"(180, 190]"
383,Don Baylor,Right,73,190,0.26,338,"(180, 190]"
866,Boog Powell,Left,76,230,0.266,339,"(220, 230]"
166,Ron Santo,Right,72,190,0.277,342,"(180, 190]"
239,George Foster,Right,73,180,0.274,348,"(170, 180]"
968,Dick Allen,Right,71,187,0.292,351,"(180, 190]"
813,Lee May,Right,75,195,0.267,354,"(190, 200]"
203,Tony Perez,Right,74,175,0.279,379,"(170, 180]"
1052,Jim Rice,Right,74,200,0.298,382,"(190, 200]"
761,Johnny Bench,Right,73,197,0.267,389,"(190, 200]"
295,Graig Nettles,Left,72,180,0.248,390,"(170, 180]"
16,Darrell Evans,Left,74,200,0.248,414,"(190, 200]"
45,Dave Kingman,Right,78,210,0.236,442,"(200, 210]"
422,Carl Yastrzemski,Left,71,175,0.285,452,"(170, 180]"
972,Willie Stargell,Left,74,188,0.282,475,"(180, 190]"
995,Mike Schmidt,Right,74,195,0.267,548,"(190, 200]"
656,Reggie Jackson,Left,72,195,0.262,563,"(190, 200]"
